{"_id":{"$oid":"5d9b66ca27465dfe84c50b71"},"typeName":"ft1","userData":{"collection":"ft1"},"geometryDescriptor":{"localName":"geometry","crs":{"type":"name","properties":{"name":"urn:ogc:def:crs:EPSG:4326"}}},"attributeDescriptors":[{"localName":"geometry","type":{"binding":"org.locationtech.jts.geom.Geometry"},"userData":{"encoding":"GeoJSON","mapping":"geometry"}},{"localName":"properties.listProperty.value","minOccurs":{"$numberInt":"0"},"maxOccurs":{"$numberInt":"1"},"type":{"binding":"java.lang.Double"},"userData":{"mapping":"properties.listProperty.value"}},{"localName":"properties.optionalProperty3","minOccurs":{"$numberInt":"0"},"maxOccurs":{"$numberInt":"1"},"type":{"binding":"java.lang.String"},"userData":{"mapping":"properties.optionalProperty3"}},{"localName":"properties.intProperty","minOccurs":{"$numberInt":"0"},"maxOccurs":{"$numberInt":"1"},"type":{"binding":"java.lang.Integer"},"userData":{"mapping":"properties.intProperty"}},{"localName":"properties.doubleProperty","minOccurs":{"$numberInt":"0"},"maxOccurs":{"$numberInt":"1"},"type":{"binding":"java.lang.Double"},"userData":{"mapping":"properties.doubleProperty"}},{"localName":"_id","minOccurs":{"$numberInt":"0"},"maxOccurs":{"$numberInt":"1"},"type":{"binding":"org.bson.types.ObjectId"},"userData":{"mapping":"_id"}},{"localName":"id","minOccurs":{"$numberInt":"0"},"maxOccurs":{"$numberInt":"1"},"type":{"binding":"java.lang.String"},"userData":{"mapping":"id"}},{"localName":"properties.nullableAttribute","minOccurs":{"$numberInt":"0"},"maxOccurs":{"$numberInt":"1"},"type":{"binding":"java.lang.String"},"userData":{"mapping":"properties.nullableAttribute"}},{"localName":"properties.dateProperty","minOccurs":{"$numberInt":"0"},"maxOccurs":{"$numberInt":"1"},"type":{"binding":"java.util.Date"},"userData":{"mapping":"properties.dateProperty"}},{"localName":"properties.stringProperty","minOccurs":{"$numberInt":"0"},"maxOccurs":{"$numberInt":"1"},"type":{"binding":"java.lang.String"},"userData":{"mapping":"properties.stringProperty"}}]}
